{"_type":"export","__export_format":4,"__export_date":"2020-03-06T19:36:40.057Z","__export_source":"insomnia.desktop.app:v7.1.1","resources":[{"_id":"req_1644f2ca498e4396954d424047b5b661","authentication":{},"body":{},"created":1583437308951,"description":"","headers":[],"isPrivate":false,"metaSortKey":-1583437308951,"method":"GET","modified":1583449687126,"name":"Show","parameters":[],"parentId":"fld_ddc27acac7594ea08b29a5f72a0dc9ea","settingDisableRenderRequestBody":false,"settingEncodeUrl":true,"settingFollowRedirects":"global","settingRebuildPath":true,"settingSendCookies":true,"settingStoreCookies":true,"url":"{{ API_URL  }}/books/9788576082675","_type":"request"},{"_id":"fld_ddc27acac7594ea08b29a5f72a0dc9ea","created":1583437296137,"description":"","environment":{},"environmentPropertyOrder":null,"metaSortKey":-1583437296137,"modified":1583437296137,"name":"Books","parentId":"wrk_2dada44a62ab405e9785836106c73af0","_type":"request_group"},{"_id":"wrk_2dada44a62ab405e9785836106c73af0","created":1570324944959,"description":"","modified":1570324955925,"name":"Dev Samurai","parentId":null,"_type":"workspace"},{"_id":"req_b18cc74accb3409f92fbfe857c17ea0c","authentication":{},"body":{"mimeType":"application/json","text":"{\n\t  \"isbn\": \"9788576082675\",\n    \"name\": \"Código Limpo: Habilidades Práticas do Agile Software\",\n    \"coverImage\": \"https://devsamurai-materials.s3.amazonaws.com/samurai-books/clean-code.jpg\",\n    \"price\": 99.90,\n    \"promotionalPrice\": 84.36,\n    \"rating\": 4.6,\n    \"scores\": [\n        {\"name\": \"Tradução\", \"value\": 3.5},\n        {\"name\": \"Códigos\", \"value\": 4},\n        {\"name\": \"Comunidade\", \"value\": 5}\n    ],\n    \"tecnologies\": [\"Java\", \"TDD\", \"Arquitetura\"],\n    \"requirements\": [\"Java\"],\n    \"description\": \"Mesmo um código ruim pode funcionar. Mas se ele não for limpo, pode acabar com uma empresa de desenvolvimento. Perdem-se a cada ano horas incontáveis e recursos importantes devido a um código mal escrito. Mas não precisa ser assim.\"\n}"},"created":1583437340141,"description":"","headers":[{"id":"pair_2f44ef64a79b440091636ff4074d4ee1","name":"Content-Type","value":"application/json"}],"isPrivate":false,"metaSortKey":-1583437308901,"method":"POST","modified":1583456943089,"name":"Create","parameters":[],"parentId":"fld_ddc27acac7594ea08b29a5f72a0dc9ea","settingDisableRenderRequestBody":false,"settingEncodeUrl":true,"settingFollowRedirects":"global","settingRebuildPath":true,"settingSendCookies":true,"settingStoreCookies":true,"url":"{{ API_URL  }}/books/","_type":"request"},{"_id":"req_277c8d6a51dc4207bc7ab25cbd30b5d6","authentication":{},"body":{"mimeType":"application/json","text":"{\n    \"price\": 99.90,\n    \"promotionalPrice\": 59.90,\n\t  \"rating\": 4.2,\n  \t\"score\": 4.5\n}"},"created":1583437359349,"description":"","headers":[{"id":"pair_4c0420b92266464e80f9ee9444140a22","name":"Content-Type","value":"application/json"}],"isPrivate":false,"metaSortKey":-1583437308851,"method":"PUT","modified":1583521657959,"name":"Update","parameters":[],"parentId":"fld_ddc27acac7594ea08b29a5f72a0dc9ea","settingDisableRenderRequestBody":false,"settingEncodeUrl":true,"settingFollowRedirects":"global","settingRebuildPath":true,"settingSendCookies":true,"settingStoreCookies":true,"url":"{{ API_URL  }}/books/9788576082675","_type":"request"},{"_id":"req_ee947d897d9b4030990f74d976d4384b","authentication":{},"body":{},"created":1583441734333,"description":"","headers":[],"isPrivate":false,"metaSortKey":-1583437308801,"method":"DELETE","modified":1583448532445,"name":"Delete","parameters":[],"parentId":"fld_ddc27acac7594ea08b29a5f72a0dc9ea","settingDisableRenderRequestBody":false,"settingEncodeUrl":true,"settingFollowRedirects":"global","settingRebuildPath":true,"settingSendCookies":true,"settingStoreCookies":true,"url":"{{ API_URL  }}/books/9788576082675","_type":"request"},{"_id":"env_d4f70fb974df1c19b7704e0aa6bab9c1f7c8278d","color":null,"created":1570324944991,"data":{"API_URL":"http://localhost:5000/v1"},"dataPropertyOrder":{"&":["API_URL"]},"isPrivate":false,"metaSortKey":1570324944991,"modified":1583448407916,"name":"Base Environment","parentId":"wrk_2dada44a62ab405e9785836106c73af0","_type":"environment"},{"_id":"jar_d4f70fb974df1c19b7704e0aa6bab9c1f7c8278d","cookies":[],"created":1570324944994,"modified":1570324944994,"name":"Default Jar","parentId":"wrk_2dada44a62ab405e9785836106c73af0","_type":"cookie_jar"}]}